{
  "summary": {
    "total_batch_failures": 0,
    "total_record_failures": 0,
    "total_node_failures": 1,
    "total_relationship_failures": 0,
    "total_constraint_violations": 0,
    "total_data_validation_errors": 0
  },
  "batch_failures": [],
  "record_failures": [],
  "node_failures": [
    {
      "node_label": "Chunk",
      "node_data": {
        "chunk_id": "chunk_cfa9262d",
        "chunk_text": "ullish, says Renaissance Macro's Jeff DeGraaf watch now watch now VIDEO 04:06 Tom Lee: S&P is in process of rerating and multiples will move higher watch now watch now VIDEO 03:46 Wedbush's Dan Ives: Apple's AI strategy is essentially invisible watch now watch now VIDEO 03:45 Geopolitics, cyber threats, and tariffs are top concerns for CEOs: The Conference Board's Q3 survey watch now watch now VIDEO 04:18 Bond market may push back on less Fed independence, says VantageRock's Avery Sheffield watch now watch ",
        "chunk_position": 5,
        "chunk_order": 5,
        "embedding": [
          -0.0589359775185585,
          -0.17577600479125977,
          -0.012721970677375793,
          -0.036975279450416565,
          0.09083830565214157,
          0.05253437161445618,
          0.0025678009260445833,
          -0.007879430428147316,
          -0.020641913637518883,
          -0.0071836067363619804,
          0.0035957309883087873,
          0.06733181327581406,
          -0.036705486476421356,
          -0.044402316212654114,
          -0.03125745803117752,
          -0.0073116072453558445,
          0.07326308637857437,
          -3.393912629690021e-05,
          -0.030852697789669037,
          0.029650045558810234,
          -0.002489933744072914,
          -0.05905676633119583,
          -0.0008368717972189188,
          -0.0054659913294017315,
          0.03537004813551903,
          0.07402776926755905,
          -0.029116583988070488,
          -0.05592077225446701,
          -0.04186324402689934,
          -0.05794406309723854,
          -0.02021808736026287,
          -0.042260050773620605,
          0.01261509582400322,
          0.021674931049346924,
          0.01360337808728218,
          -0.005363686475902796,
          -0.010954376310110092,
          0.03334341570734978,
          0.05894412472844124,
          -0.027408694848418236,
          0.05054013803601265,
          -0.0857314020395279,
          -0.05143475532531738,
          -0.06998970359563828,
          0.03402800112962723,
          0.019808882847428322,
          -0.016790322959423065,
          -0.027119796723127365,
          -0.003275112248957157,
          -0.08017455041408539,
          -0.07556453347206116,
          -0.07562392204999924,
          0.03714980557560921,
          -0.09312675148248672,
          0.019273923709988594,
          -0.007708871737122536,
          -0.013241705484688282,
          0.0019287402974441648,
          0.08105593919754028,
          0.03158004209399223,
          0.06999842822551727,
          -0.032775506377220154,
          0.009650656022131443,
          0.07512941211462021,
          0.0861973986029625,
          0.04032526910305023,
          0.016694065183401108,
          0.029653111472725868,
          -0.07012947648763657,
          0.03945241495966911,
          0.050884757190942764,
          -0.041498057544231415,
          -0.014626733958721161,
          -0.0704239085316658,
          0.04011917859315872,
          -0.03248858451843262,
          0.037320129573345184,
          0.015004253946244717,
          0.03179890289902687,
          -0.10961385816335678,
          0.04582471027970314,
          -0.014541386626660824,
          -0.03970490023493767,
          -0.02434815652668476,
          -0.00875179935246706,
          -0.0638342946767807,
          -0.05310120806097984,
          -0.11827122420072556,
          0.03583347797393799,
          -0.014944593422114849,
          0.004880102816969156,
          0.06312157958745956,
          -0.014639115892350674,
          0.07857433706521988,
          -0.01958269253373146,
          0.06840874999761581,
          -0.029290739446878433,
          0.0286438949406147,
          -0.09176816046237946,
          0.027381641790270805,
          0.0479302704334259,
          0.11898793280124664,
          -0.05035709962248802,
          -0.011250912211835384,
          -0.033683959394693375,
          -0.05220185965299606,
          0.01677863672375679,
          -0.004035363905131817,
          0.01314975880086422,
          0.07145703583955765,
          -0.010427641682326794,
          0.030960626900196075,
          -0.04129723086953163,
          -0.06475179642438889,
          -0.045532532036304474,
          -0.025318920612335205,
          -0.015567406080663204,
          0.03257887810468674,
          0.0760418027639389,
          0.037323735654354095,
          0.05658001825213432,
          0.02602495811879635,
          -0.06003882363438606,
          -0.007006640080362558,
          0.02479124814271927,
          0.030947860330343246,
          -0.07911688834428787,
          5.724739773109098e-33,
          -0.06407350301742554,
          0.016374371945858,
          -0.03637664020061493,
          0.0024905651807785034,
          -0.030922913923859596,
          0.04035766422748566,
          0.002790310187265277,
          0.017427412793040276,
          -0.07879960536956787,
          -0.052464764565229416,
          -0.0482490248978138,
          0.04232417792081833,
          -0.020264457911252975,
          0.07383114099502563,
          -0.023870425298810005,
          -0.1024714857339859,
          0.025671975687146187,
          0.005276261828839779,
          0.07872098684310913,
          -0.059679754078388214,
          0.05316035822033882,
          0.022010138258337975,
          -0.03928513452410698,
          -0.05883296579122543,
          0.023398814722895622,
          -0.017223695293068886,
          0.03355516493320465,
          -0.04530307278037071,
          0.042068962007761,
          0.04968168959021568,
          -0.07014571875333786,
          0.03505272790789604,
          -0.04864805191755295,
          0.002043958520516753,
          -0.024804765358567238,
          0.04970729723572731,
          -0.06087818741798401,
          -0.0027986583299934864,
          -0.04469265416264534,
          -0.007238232064992189,
          -0.0640120804309845,
          0.08222275227308273,
          -0.02823076955974102,
          -0.054523780941963196,
          -0.022528715431690216,
          0.02361154742538929,
          0.03516652435064316,
          0.0017620890866965055,
          -0.06773728877305984,
          -0.036632563918828964,
          0.03299885615706444,
          0.013457003980875015,
          0.02277241460978985,
          -0.07182842493057251,
          0.006078572478145361,
          -0.01705079898238182,
          -0.08680538833141327,
          -0.04935658350586891,
          -0.01762269251048565,
          -0.0312353502959013,
          0.041533637791872025,
          0.01627369225025177,
          -0.08448847383260727,
          0.047389596700668335,
          -0.059309858828783035,
          0.17923933267593384,
          -0.027327297255396843,
          0.06673126667737961,
          -0.057486001402139664,
          0.12458401918411255,
          -0.020383207127451897,
          0.007018302567303181,
          0.009181367233395576,
          0.02152983471751213,
          -0.06614045798778534,
          0.013714659959077835,
          -0.030484499409794807,
          0.03610805422067642,
          0.08229056745767593,
          -0.04144297540187836,
          -0.005919524002820253,
          -0.01753762736916542,
          0.1565539687871933,
          -0.0013914501760154963,
          0.056642040610313416,
          -0.001439197571016848,
          0.0005230968235991895,
          -0.030457012355327606,
          0.11001577973365784,
          0.019204242154955864,
